<?xml version="1.0" encoding="UTF-8"?>
<metadata xml:lang="en"><Esri><CreaDate>20200317</CreaDate><CreaTime>12465800</CreaTime><ArcGISFormat>1.0</ArcGISFormat><SyncOnce>TRUE</SyncOnce><DataProperties><itemProps><itemLocation><linkage Sync="TRUE">file://\\Mac\Home\Desktop\Python_Challenges\Midterm\Rivers</linkage><protocol Sync="TRUE">Local Area Network</protocol></itemLocation></itemProps><copyHistory><copy source="\\Mac\Home\Desktop\NRS522\Data\Rivers" dest="\\Mac\Home\Desktop\Python_Challenges\Midterm\Rivers" date="20200317" time="12465800"></copy></copyHistory></DataProperties></Esri></metadata>
