<?xml version="1.0" encoding="UTF-8"?>
<metadata xml:lang="en"><Esri><CreaDate>20200312</CreaDate><CreaTime>15443500</CreaTime><ArcGISFormat>1.0</ArcGISFormat><SyncOnce>TRUE</SyncOnce><DataProperties><itemProps><itemLocation><linkage Sync="TRUE">file://\\Mac\Home\Desktop\Python_Challenges\Midterm\towns</linkage><protocol Sync="TRUE">Local Area Network</protocol></itemLocation></itemProps><copyHistory><copy source="\\Mac\Home\Desktop\NRS522\Data\towns" dest="\\Mac\Home\Desktop\Python_Challenges\Midterm\towns" date="20200312" time="15443500"></copy></copyHistory></DataProperties></Esri></metadata>
